{
  "edit_dist": [
    0.14583333333333334,
    0.5009940357852882,
    0.14691943127962084,
    0.2217391304347826,
    0.5250192455735181,
    0.2893030794165316,
    0.8880351262349067,
    0.30158730158730157,
    0.113,
    0.9,
    0.5620782726045884,
    0.5333333333333333,
    0.629757785467128,
    0.04504504504504504,
    0.19603267211201866,
    0.20021528525296017,
    0.4051094890510949,
    0.7107142857142857,
    0.9914089347079038,
    0.21816168327796234,
    0.18309859154929578,
    0.12371134020618557,
    0.04460093896713615,
    0.31313131313131315,
    0.25539568345323743,
    0.29273285568065505,
    0.5451680672268907,
    0.3594306049822064,
    0.4115566037735849,
    0.3592233009708738,
    0.7807860262008733,
    0.0,
    0.7329268292682927,
    0.629500580720093,
    0.2144,
    0.2963464140730717,
    0.22340425531914893,
    0.2331288343558282,
    0.1440677966101695,
    0.3861788617886179,
    0.1875,
    0.0,
    0.5855263157894737,
    0.21001926782273603,
    0.9102564102564102,
    0.2125,
    0.013136288998357963,
    0.4136947218259629,
    0.24427480916030533,
    0.7209595959595959,
    0.8846153846153846,
    0.4387646432374867,
    0.07432432432432433,
    0.08108108108108109,
    0.4769503546099291,
    0.7094594594594594,
    0.10714285714285714,
    0.31988472622478387,
    0.0945945945945946,
    0.0,
    0.10526315789473684,
    0.17772511848341233,
    0.7918424753867792,
    0.03599374021909233,
    0.03184713375796178,
    0.21818181818181817,
    0.4792703150912106,
    0.2028985507246377,
    0.23939393939393938,
    0.15103189493433397,
    0.0,
    0.6931216931216931,
    0.24829157175398633,
    0.6272189349112426,
    0.628175519630485,
    0.26811594202898553,
    0.31355181576616475,
    0.10777385159010601,
    0.1308316430020284,
    0.0,
    0.4084507042253521,
    0.7636849132176236,
    0.3216374269005848,
    0.34864864864864864,
    0.22997032640949555,
    0.15283842794759825,
    0.641260162601626,
    0.0,
    0.5381882770870338,
    0.5614973262032086
  ],
  "bleu": [
    0.7016879391277372,
    2.0422151571631362e-78,
    0.9534969548334766,
    0.597866351730833,
    0,
    0.3460046892056194,
    0.1075467277016126,
    6.784827072174911e-78,
    0.24623953025272619,
    1.384292958842266e-231,
    1.392738885147875e-78,
    0.4412739850976206,
    0.3608647983367211,
    0.7331765459202478,
    0.4131591515003637,
    0.3112317271723676,
    1.3416480207402436e-231,
    0.296690214684581,
    0,
    0.6512863227830863,
    0.8801117367933934,
    0.18641996229708285,
    0.14062598436731896,
    0.1797645142876138,
    0.605208325617638,
    0.25021748606907185,
    0,
    0.48847403323053307,
    0.7146161839616801,
    0.3742031646082125,
    8.231055179516831e-232,
    1.821831989445342e-231,
    3.5549360472630305e-155,
    0.36314748337164254,
    0.6675803158622264,
    0.6359685345385693,
    0.7793599193243422,
    0.6419752245682109,
    0.23849454060722672,
    0.2987887413847776,
    0.3651934656347456,
    1.0,
    0.218134321293328,
    0.1876442538016413,
    5.019362538473707e-155,
    4.744822399347669e-78,
    0.9184678024441792,
    5.788883233471384e-155,
    0.8144390669510498,
    2.8389069171807483e-78,
    4.241303569364337e-155,
    0.12205934398844968,
    0.912167909070388,
    0.17846877279661646,
    4.25628544716222e-155,
    7.720899511627474e-232,
    0.7702402291385735,
    0.34687491603634585,
    0.30402998755191396,
    1.0,
    1.4740564900137075e-231,
    0.6622456624857074,
    0,
    0.3203759015876555,
    0.904433660171783,
    0.4519780935948454,
    0.37433037970889566,
    0.4292001501358501,
    2.5685119368727064e-78,
    0.3034177907978825,
    1.0,
    1.0332112772921225e-231,
    0.4331852022730596,
    0.1653236471091214,
    0.2819782034509925,
    0.7566227778144139,
    1.8520900663456597e-78,
    0.7789618514940714,
    0.3919418832729187,
    1.0,
    2.846681328414405e-78,
    0.14868720326332424,
    0.27677079673176275,
    2.150689788265971e-78,
    0.21674435634029712,
    0.5124933093336961,
    0,
    1.0,
    0.3475484475242324,
    3.946171958221351e-155
  ],
  "meteor": [
    NaN,
    NaN,
    0.9588523385000881,
    NaN,
    NaN,
    NaN,
    NaN,
    NaN,
    NaN,
    NaN,
    NaN,
    NaN,
    NaN,
    NaN,
    NaN,
    NaN,
    NaN,
    NaN,
    NaN,
    NaN,
    NaN,
    NaN,
    NaN,
    NaN,
    NaN,
    NaN,
    NaN,
    NaN,
    NaN,
    NaN,
    NaN,
    0.5,
    NaN,
    NaN,
    NaN,
    NaN,
    NaN,
    NaN,
    NaN,
    NaN,
    NaN,
    0.9999142661179699,
    NaN,
    NaN,
    NaN,
    NaN,
    NaN,
    NaN,
    NaN,
    NaN,
    NaN,
    NaN,
    NaN,
    NaN,
    NaN,
    NaN,
    NaN,
    NaN,
    NaN,
    0.9921875,
    NaN,
    NaN,
    NaN,
    NaN,
    NaN,
    NaN,
    NaN,
    NaN,
    NaN,
    NaN,
    0.9995,
    NaN,
    NaN,
    NaN,
    NaN,
    NaN,
    NaN,
    NaN,
    NaN,
    0.9976851851851852,
    NaN,
    NaN,
    NaN,
    NaN,
    NaN,
    NaN,
    NaN,
    0.9990234375,
    NaN,
    NaN
  ],
  "precision": [
    0.8571428571428571,
    0.2702702702702703,
    1.0,
    1.0,
    0.0,
    0.5208333333333334,
    0.23076923076923078,
    1.0,
    0.5757575757575758,
    0.3333333333333333,
    0.21875,
    0.8181818181818182,
    0.3548387096774194,
    0.8421052631578947,
    0.6923076923076923,
    0.4722222222222222,
    0.3333333333333333,
    0.6666666666666666,
    0.0,
    0.7567567567567568,
    0.8333333333333334,
    0.4583333333333333,
    0.35714285714285715,
    0.47368421052631576,
    0.7777777777777778,
    0.3684210526315789,
    0.0,
    0.6875,
    0.6944444444444444,
    0.5517241379310345,
    0.041666666666666664,
    1.0,
    0.0967741935483871,
    0.48,
    0.8333333333333334,
    0.7352941176470589,
    0.9,
    0.6666666666666666,
    0.45652173913043476,
    0.47058823529411764,
    0.7272727272727273,
    1.0,
    0.2608695652173913,
    0.3142857142857143,
    0.5,
    0.8333333333333334,
    0.9615384615384616,
    0.4090909090909091,
    1.0,
    0.25,
    0.125,
    0.3333333333333333,
    1.0,
    0.5,
    0.2,
    0.034482758620689655,
    0.9032258064516129,
    0.5675675675675675,
    0.6666666666666666,
    1.0,
    0.6,
    0.7142857142857143,
    0.0,
    0.391304347826087,
    0.8571428571428571,
    0.6052631578947368,
    0.6571428571428571,
    0.6086956521739131,
    0.4444444444444444,
    0.4827586206896552,
    1.0,
    0.19230769230769232,
    0.7222222222222222,
    0.275,
    0.5405405405405406,
    0.8095238095238095,
    0.26666666666666666,
    0.8285714285714286,
    0.5555555555555556,
    1.0,
    0.5555555555555556,
    0.21875,
    0.5217391304347826,
    0.30357142857142855,
    0.32142857142857145,
    0.78125,
    0.0,
    1.0,
    0.72,
    0.15789473684210525
  ],