{
  "edit_dist": [
    0.41624365482233505,
    0.3358208955223881,
    0.24066390041493776,
    0.5535353535353535,
    0.4323308270676692,
    0.6303030303030303,
    0.5558528428093645,
    0.3782051282051282,
    0.028985507246376812,
    0.525,
    0.6777251184834123,
    0.030303030303030304
  ],
  "bleu": [
    0.4340982776139932,
    0.7017940477036101,
    0.7237979763250783,
    0.29792307012578684,
    0.5939143813791669,
    0.1511418024969897,
    0.42611000309303293,
    0.7809031300554096,
    1.0,
    0.453773298892341,
    0.11074695558851758,
    1.0
  ],
  "meteor": [
    NaN,
    NaN,
    NaN,
    NaN,
    NaN,
    NaN,
    NaN,
    NaN,
    0.9999992407020165,
    NaN,
    NaN,
    0.9999993980139276
  ],
  "precision": [
    0.6176470588235294,
    0.7058823529411765,
    0.8648648648648649,
    0.2558139534883721,
    0.7931034482758621,
    0.19607843137254902,
    0.6236559139784946,
    0.9310344827586207,
    1.0,
    0.625,
    0.8125,
    1.0
  ],
  "recall": [
    0.9130434782608695,
    0.9230769230769231,
    0.8205128205128205,
    0.6875,
    0.7540983606557377,
    0.4166666666666667,
    0.9206349206349206,
    1.0,
    1.0,
    0.8333333333333334,
    0.8666666666666667,
    1.0
  ],
  "f_measure": [
    0.7368421052631579,
    0.8,
    0.8421052631578947,
    0.3728813559322034,
    0.7731092436974789,
    0.26666666666666666,
    0.7435897435897436,
    0.9642857142857141,
    1.0,
    0.7142857142857143,
    0.8387096774193549,
    1.0
  ]
}