{
  "edit_dist": [
    0.23333333333333334,
    0.6943396226415094,
    0.8333333333333334,
    0.5197368421052632,
    0.31493506493506496,
    0.9088607594936708,
    0.1277533039647577,
    0.39669421487603307,
    0.5464684014869888,
    0.04819277108433735,
    0.28609625668449196,
    0.16201117318435754,
    0.7131147540983607,
    0.6268656716417911,
    0.4713541666666667,
    0.22807017543859648,
    0.2318840579710145,
    0.017271157167530225,
    0.35064935064935066,
    0.18023255813953487,
    0.5339233038348082,
    0.44776119402985076,
    0.07249466950959488,
    0.4666666666666667,
    0.1657142857142857,
    0.5279329608938548,
    0.0,
    0.7372093023255814,
    0.6645077720207254,
    0.25386996904024767,
    0.41754385964912283,
    0.8333333333333334,
    0.116751269035533,
    0.3120728929384966,
    0.24561403508771928,
    0.7540983606557377,
    0.27790973871733965,
    0.8541666666666666,
    0.3333333333333333,
    0.005012531328320802,
    0.3280757097791798,
    0.3220338983050847,
    0.7541666666666667,
    0.8740157480314961,
    0.7376681614349776,
    0.15430861723446893,
    0.4380305602716469,
    0.6958174904942965,
    0.16863905325443787,
    0.18271119842829076,
    0.0945945945945946,
    0.40476190476190477,
    0.2072072072072072,
    0.9846625766871165,
    0.055639097744360905,
    0.017241379310344827,
    0.07322654462242563,
    0.3497536945812808,
    0.0,
    0.30427350427350425,
    0.05470459518599562,
    0.0,
    0.6578313253012048,
    0.2798913043478261,
    0.49107142857142855,
    0.7713498622589532,
    0.2823529411764706,
    0.25477707006369427,
    0.0845771144278607,
    0.1125,
    0.0,
    0.4864864864864865,
    0.511520737327189,
    0.051470588235294115,
    0.4811320754716981,
    0.10664605873261206,
    0.0425,
    0.6143958868894601,
    0.13333333333333333,
    0.5698924731182796,
    0.6314553990610329
  ],
  "bleu": [
    7.380245217279165e-78,
    2.59212442348853e-78,
    7.834144267693417e-156,
    0,
    0.47022156411316,
    0.23462350320528,
    0.27098211583470044,
    2.7224465656775658e-78,
    0.722160038719837,
    0.7598356856515925,
    0.3556521383601747,
    0.40052744847255717,
    1.3165594234639305e-231,
    6.968148412761692e-155,
    0.7140573910176907,
    0.8408964152537145,
    4.797597231912944e-78,
    0.25712008025141314,
    0.1845895819969781,
    0.47987820666906633,
    3.271092989210003e-78,
    0,
    0.49595866818825296,
    0.7285505954775419,
    0.5512003357447272,
    0,
    1.821831989445342e-231,
    2.2201304946510084e-232,
    0.14025775160081472,
    0.6729400620282456,
    0.5977992387152216,
    0,
    0.36519346563474564,
    0.4607388086434204,
    0.3552738958526932,
    8.510469113101058e-232,
    0.29108736587772466,
    6.484592771860512e-155,
    0,
    0.8160528832434369,
    5.931400068694656e-155,
    0.7311104457090247,
    5.3701405702879534e-232,
    9.594503055152632e-232,
    1.2183324802375697e-231,
    6.513869329968086e-155,
    1.0662520804273401e-231,
    0,
    0.6431058201682329,
    0.23578316044531802,
    0.30402998755191396,
    8.636168555094496e-78,
    0.4922088386970059,
    0,
    0.3237722713145643,
    0.9355069850316178,
    0.8160524705752857,
    3.331469151582687e-78,
    1.0,
    4.1804022597808986e-78,
    0.5713073189040163,
    1.0,
    1.091900080306308e-231,
    0.4591050315190769,
    0.14757581190431862,
    0,
    0.7178970818142898,
    2.1959618642833017e-78,
    0.7105753132540146,
    0.5135063580594283,
    1.491668146240062e-154,
    0.5273430745032938,
    3.3744794443119017e-78,
    0.6132297420585351,
    2.0259272100040348e-78,
    0.35831291876413535,
    0.5658372787183746,
    0,
    1.133422688662942e-154,
    2.752581367444176e-78,
    8.784466509829401e-232
  ],
  "meteor": [
    0.9146341463414633,
    0.3755585074266392,
    0.14970059880239522,
    0.0,
    0.6036727729885059,
    0.7087053571428573,
    0.6130684838818811,
    0.2734463276836158,
    0.9674619175627239,
    0.7992187500000002,
    0.640224366873355,
    0.6630086877000457,
    0.14851485148514848,
    0.3073770491803279,
    0.8993806306306308,
    0.864795918367347,
    0.6048387096774195,
    0.49416909620991256,
    0.49739527581531445,
    0.5212954747116239,
    0.30355097365406647,
    0.0,
    0.7148550724637681,
    0.7428888888888888,
    0.7799852832965417,
    0.0,
    0.5,
    0.023148148148148147,
    0.44291338582677164,
    0.8256202100216763,
    0.9375,
    0.0,
    0.610576923076923,
    0.4875393612235718,
    0.7117028270874425,
    0.04504504504504505,
    0.5241809367425131,
    0.7211538461538463,
    0.0,
    0.9085607496454559,
    0.2823767476085357,
    0.7178254437869822,
    0.06993006993006992,
    0.125,
    0.15625,
    0.34307065217391297,
    0.0892857142857143,
    0.0,
    0.9135328339480587,
    0.5378086419753086,
    0.7048404840484048,
    0.9498207885304659,
    0.7448052841612769,
    0.0,
    0.48667570009033423,
    0.9132075471698113,
    0.9125201467713727,
    0.2655622918623516,
    0.9998177842565598,
    0.4176701736595259,
    0.6412656805841602,
    0.9995,
    0.08097165991902833,
    0.5664947648070011,
    0.30045351473922904,
    0.0,
    0.9739634146341464,
    0.3160534437946718,
    0.8184285185642037,
    0.8326155612977318,
    0.9375,
    0.6465517241379309,
    0.4330097087378641,
    0.7200168918918919,
    0.24132847055171877,
    0.5736625514403292,
    0.688640463726969,
    0.0,
    0.8928571428571429,
    0.446,
    0.05524861878453039
  ],
  "precision": [
    0.8,
    0.2916666666666667,
    1.0,
    0.0,
    0.625,
    0.36363636363636365,
    0.5882352941176471,
    0.3333333333333333,
    0.6363636363636364,
    0.8,
    0.6923076923076923,
    0.5,
    0.3333333333333333,
    0.2857142857142857,
    0.8,
    0.8333333333333334,
    0.5,
    0.5384615384615384,
    0.4444444444444444,
    0.6,
    0.42857142857142855,
    0.0,
    0.8333333333333334,
    0.7222222222222222,
    0.7142857142857143,
    0.0,
    1.0,
    0.1111111111111111,
    0.3157894736842105,
    0.8,
    0.625,
    0.0,
    0.5,
    0.6111111111111112,
    0.7058823529411765,
    0.07142857142857142,
    0.38095238095238093,
    0.5,
    0.0,
    0.9444444444444444,
    0.42857142857142855,
    0.8333333333333334,
    0.2857142857142857,
    0.07692307692307693,
    0.2,
    0.36363636363636365,
    0.23076923076923078,
    0.0,
    0.8947368421052632,
    0.5625,
    0.6666666666666666,
    0.75,
    0.6470588235294118,
    0.0,
    0.4,
    1.0,
    0.8421052631578947,
    0.3333333333333333,
    1.0,
    0.4117647058823529,
    0.6470588235294118,
    1.0,
    0.1875,
    0.6428571428571429,
    0.19047619047619047,
    0.0,
    0.7777777777777778,
    0.3684210526315789,
    0.8421052631578947,
    0.68,
    1.0,
    1.0,
    0.3333333333333333,
    0.6363636363636364,
    0.35,
    0.5384615384615384,
    0.9230769230769231,
    0.0,
    0.5,
    0.29411764705882354,
    0.06666666666666667
  ],