{
  "edit_dist": [
    0.9653333333333334,
    0.20531400966183574
  ],
  "bleu": [
    0.03825759250650358,
    0.7867467082047443
  ],
  "meteor": [
    0.36244292237442927,
    0.5742735267409071
  ],
  "precision": [
    0.06349206349206349,
    0.9722222222222222
  ],
  "recall": [
    1.0,
    0.813953488372093
  ],
  "f_measure": [
    0.11940298507462686,
    0.8860759493670887
  ]
}