{
  "edit_dist": [
    0.23333333333333334,
    0.6943396226415094,
    0.8333333333333334,
    0.5197368421052632,
    0.31493506493506496,
    0.9088607594936708,
    0.1280353200883002,
    0.39669421487603307,
    0.6896551724137931,
    0.5757575757575758,
    0.12048192771084337,
    0.28609625668449196,
    0.2020997375328084,
    0.3319672131147541,
    0.6909090909090909,
    0.4713541666666667,
    0.22807017543859648,
    0.25,
    0.02072538860103627,
    0.37398373983739835,
    0.18023255813953487,
    0.5339233038348082,
    0.44776119402985076,
    0.07249466950959488,
    0.4666666666666667,
    0.1657142857142857,
    0.5279329608938548,
    0.0,
    0.9674418604651163,
    0.6645077720207254,
    0.25386996904024767,
    0.41754385964912283,
    0.1218274111675127,
    0.5489749430523918,
    0.24561403508771928,
    0.7540983606557377,
    0.35294117647058826,
    0.8541666666666666,
    0.3333333333333333,
    0.3358395989974937,
    0.3280757097791798,
    0.7541666666666667,
    0.8740157480314961,
    0.7376681614349776,
    0.154,
    0.4380305602716469,
    0.75,
    0.10223642172523961,
    0.18271119842829076,
    0.0945945945945946,
    0.40476190476190477,
    0.5305164319248826,
    0.9849624060150376,
    0.055639097744360905,
    0.4482758620689655,
    0.14130434782608695,
    0.3497536945812808,
    0.0,
    0.30427350427350425,
    0.05470459518599562,
    0.0,
    0.6578313253012048,
    0.2798913043478261,
    0.49107142857142855,
    0.7713498622589532,
    0.2891566265060241,
    0.27213822894168466,
    0.0845771144278607,
    0.1125,
    0.6666666666666666,
    0.4864864864864865,
    0.6851851851851852,
    0.051470588235294115,
    0.4811320754716981,
    0.47913446676970634,
    0.0425,
    0.6143958868894601,
    0.13333333333333333,
    0.5698924731182796,
    0.6314553990610329
  ],
  "bleu": [
    7.380245217279165e-78,
    2.59212442348853e-78,
    7.834144267693417e-156,
    0,
    0.47022156411316,
    0.23462350320528,
    0.26220676436185975,
    2.7224465656775658e-78,
    0,
    0.2998221389342337,
    0.5462757644646491,
    0.3556521383601747,
    0.3386854985606571,
    1.4347128449946335e-231,
    1.384292958842266e-231,
    0.7140573910176907,
    0.8408964152537145,
    5.395774370246974e-78,
    4.702548232789489e-78,
    0.19517971953411034,
    0.47987820666906633,
    3.271092989210003e-78,
    0,
    0.49595866818825296,
    0.7285505954775419,
    0.5512003357447272,
    0,
    1.821831989445342e-231,
    4.10752443555707e-159,
    0.14025775160081472,
    0.6729400620282456,
    0.5977992387152216,
    0.36519346563474564,
    0.09136792760216281,
    0.3552738958526932,
    8.510469113101058e-232,
    0.2888005637508866,
    6.484592771860512e-155,
    0,
    0.6153267326643309,
    5.931400068694656e-155,
    5.3701405702879534e-232,
    9.594503055152632e-232,
    1.2183324802375697e-231,
    6.513869329968086e-155,
    1.0662520804273401e-231,
    0,
    0.6800016135972646,
    0.23578316044531802,
    0.30402998755191396,
    8.636168555094496e-78,
    2.873398375508846e-78,
    0,
    0.3237722713145643,
    0.4358030735914854,
    0.7019499719108448,
    3.331469151582687e-78,
    1.0,
    4.1804022597808986e-78,
    0.5713073189040163,
    1.0,
    1.091900080306308e-231,
    0.4591050315190769,
    0.14757581190431862,
    0,
    0.5440577076934588,
    2.0570233230575384e-78,
    0.7105753132540146,
    0.5135063580594283,
    6.702145341854094e-232,
    0.5273430745032938,
    0.19674979811155635,
    0.6132297420585351,
    2.0259272100040348e-78,
    2.5106669237851586e-78,
    0.5658372787183746,
    0,
    1.133422688662942e-154,
    2.752581367444176e-78,
    8.784466509829401e-232
  ],
  "meteor": [
    0.9146341463414633,
    0.3755585074266392,
    0.14970059880239522,
    0.0,
    0.6036727729885059,
    0.7087053571428573,
    0.5061728395061729,
    0.2734463276836158,
    0.0,
    0.5260416666666666,
    0.6988249845392702,
    0.640224366873355,
    0.6485954553587405,
    0.24271844660194175,
    0.16666666666666666,
    0.8993806306306308,
    0.864795918367347,
    0.6147540983606558,
    0.4206349206349207,
    0.5002871088142407,
    0.5212954747116239,
    0.30355097365406647,
    0.0,
    0.7148550724637681,
    0.7428888888888888,
    0.7799852832965417,
    0.0,
    0.5,
    0.04784688995215311,
    0.44291338582677164,
    0.8256202100216763,
    0.9375,
    0.610576923076923,
    0.17915499533146592,
    0.7117028270874425,
    0.04504504504504505,
    0.48577605826126535,
    0.7211538461538463,
    0.0,
    0.7418154761904762,
    0.2823767476085357,
    0.06993006993006992,
    0.125,
    0.15625,
    0.34307065217391297,
    0.0892857142857143,
    0.0,
    0.9331090252155461,
    0.5378086419753086,
    0.7048404840484048,
    0.9498207885304659,
    0.2108433734939759,
    0.0,
    0.48667570009033423,
    0.5731804852039456,
    0.8700990769751883,
    0.2655622918623516,
    0.9998177842565598,
    0.4176701736595259,
    0.6412656805841602,
    0.9995,
    0.08097165991902833,
    0.5664947648070011,
    0.30045351473922904,
    0.0,
    0.8677319432883479,
    0.2818424890617404,
    0.8184285185642037,
    0.8326155612977318,
    0.2631578947368421,
    0.6465517241379309,
    0.5408653846153846,
    0.7200168918918919,
    0.24132847055171877,
    0.19499632082413543,
    0.688640463726969,
    0.0,
    0.8928571428571429,
    0.446,
    0.05524861878453039
  ],
  "precision": [
    0.8,
    0.2916666666666667,
    1.0,
    0.0,
    0.625,
    0.36363636363636365,
    0.5,
    0.3333333333333333,
    0.0,
    0.5555555555555556,
    0.7777777777777778,
    0.6923076923076923,
    0.42857142857142855,
    0.38461538461538464,
    0.3333333333333333,
    0.8,
    0.8333333333333334,
    0.5714285714285714,
    0.46153846153846156,
    0.47058823529411764,
    0.6,
    0.42857142857142855,
    0.0,
    0.8333333333333334,
    0.7222222222222222,
    0.7142857142857143,
    0.0,
    1.0,
    1.0,
    0.3157894736842105,
    0.8,
    0.625,
    0.5,
    0.46153846153846156,
    0.7058823529411765,
    0.07142857142857142,
    0.35,
    0.5,
    0.0,
    0.875,
    0.42857142857142855,
    0.2857142857142857,
    0.07692307692307693,
    0.2,
    0.36363636363636365,
    0.23076923076923078,
    0.0,
    0.8947368421052632,
    0.5625,
    0.6666666666666666,
    0.75,
    0.5,
    0.0,
    0.4,
    1.0,
    0.8,
    0.3333333333333333,
    1.0,
    0.4117647058823529,
    0.6470588235294118,
    1.0,
    0.1875,
    0.6428571428571429,
    0.19047619047619047,
    0.0,
    0.7777777777777778,
    0.3888888888888889,
    0.8421052631578947,
    0.68,
    1.0,
    1.0,
    0.38461538461538464,
    0.6363636363636364,
    0.35,
    0.2,
    0.9230769230769231,
    0.0,
    0.5,
    0.29411764705882354,
    0.06666666666666667
  ],