{
  "edit_dist": [
    0.9653333333333334,
    0.16908212560386474
  ],
  "bleu": [
    0.03825759250650358,
    0.8405472937521946
  ],
  "meteor": [
    0.36244292237442927,
    0.596373282184093
  ],
  "precision": [
    0.06349206349206349,
    0.9736842105263158
  ],
  "recall": [
    1.0,
    0.8604651162790697
  ],
  "f_measure": [
    0.11940298507462686,
    0.9135802469135801
  ]
}