{
  "edit_dist": [
    0.0,
    0.5,
    0.2217391304347826,
    0.5250192455735181,
    0.2893030794165316,
    0.8844393592677345,
    0.30158730158730157,
    0.113,
    0.9,
    0.5620782726045884,
    0.37037037037037035,
    0.629757785467128,
    0.04504504504504504,
    0.19603267211201866,
    0.19162995594713655,
    0.33739837398373984,
    0.7107142857142857,
    0.9913194444444444,
    0.21816168327796234,
    0.18309859154929578,
    0.12371134020618557,
    0.03837118245888802,
    0.37398373983739835,
    0.25539568345323743,
    0.29273285568065505,
    0.5598739495798319,
    0.3594306049822064,
    0.4652014652014652,
    0.336283185840708,
    0.7832469775474957,
    0.0,
    0.7576754385964912,
    0.631578947368421,
    0.2144,
    0.2963464140730717,
    0.22340425531914893,
    0.2331288343558282,
    0.15819209039548024,
    0.45121951219512196,
    0.1875,
    0.03389830508474576,
    0.5855263157894737,
    0.21001926782273603,
    0.9102564102564102,
    0.4,
    0.013136288998357963,
    0.38873038516405134,
    0.48854961832061067,
    0.7209595959595959,
    0.8762886597938144,
    0.4387646432374867,
    0.07432432432432433,
    0.08250355618776671,
    0.4769503546099291,
    0.7003484320557491,
    0.08687615526802218,
    0.31826923076923075,
    0.0945945945945946,
    0.0,
    0.1797752808988764,
    0.17772511848341233,
    0.791988756148981,
    0.03599374021909233,
    0.03184713375796178,
    0.21818181818181817,
    0.47429519071310117,
    0.2028985507246377,
    0.33863837312113176,
    0.15103189493433397,
    0.0,
    0.5731922398589065,
    0.2984054669703872,
    0.6055226824457594,
    0.6289017341040463,
    0.26811594202898553,
    0.31355181576616475,
    0.10777385159010601,
    0.2722457627118644,
    0.0,
    0.4084507042253521,
    0.8238557558945908,
    0.3216374269005848,
    0.34864864864864864,
    0.30933544303797467,
    0.1586608442503639,
    0.6148373983739838,
    0.0,
    0.5364120781527532,
    0.5614973262032086
  ],
  "bleu": [
    1.0,
    1.917276213642234e-78,
    0.597866351730833,
    0,
    0.3460046892056194,
    0.12259149958656422,
    6.784827072174911e-78,
    0.24623953025272619,
    1.384292958842266e-231,
    1.392738885147875e-78,
    0.6381941796682009,
    0.3608647983367211,
    0.7331765459202478,
    0.4131591515003637,
    0.3243209857734568,
    1.408376648685561e-231,
    0.296690214684581,
    0,
    0.6512863227830863,
    0.8801117367933934,
    0.18641996229708285,
    0.20690996611611379,
    0.19517971953411034,
    0.605208325617638,
    0.25021748606907185,
    0,
    0.48847403323053307,
    0.6327756394638039,
    0.38573055630181025,
    8.231055179516831e-232,
    1.821831989445342e-231,
    3.2495743136156002e-155,
    0.3340392563357978,
    0.6675803158622264,
    0.6359685345385693,
    0.7793599193243422,
    0.6419752245682109,
    0.23140962825076283,
    0.18739548536815245,
    0.3651934656347456,
    0.9428731438548749,
    0.218134321293328,
    0.1876442538016413,
    5.019362538473707e-155,
    4.857418662028949e-232,
    0.9184678024441792,
    5.788883233471384e-155,
    0.5107572249457121,
    2.8389069171807483e-78,
    4.829607837557235e-155,
    0.12205934398844968,
    0.912167909070388,
    0.28246428394152046,
    4.25628544716222e-155,
    0,
    0.7228646702806844,
    0.3285762833157877,
    0.30402998755191396,
    1.0,
    1.171778691554733e-231,
    0.6622456624857074,
    0,
    0.3203759015876555,
    0.9155330820749252,
    0.4519780935948454,
    0.2838589702972616,
    0.4292001501358501,
    2.728187728033419e-78,
    0.3034177907978825,
    1.0,
    7.382958722020407e-232,
    0.43409968837720625,
    0.21744361253235675,
    0.26383202355265745,
    0.7566227778144139,
    1.8520900663456597e-78,
    0.7789618514940714,
    0.3525365625273877,
    1.0,
    2.846681328414405e-78,
    0.1535686541317235,
    0.27677079673176275,
    2.150689788265971e-78,
    0.11226501349503741,
    0.4558375130805053,
    0,
    1.0,
    0.3475484475242324,
    3.946171958221351e-155
  ],
  "meteor": [
    0.9995,
    NaN,
    NaN,
    NaN,
    NaN,
    NaN,
    NaN,
    NaN,
    NaN,
    NaN,
    NaN,
    NaN,
    NaN,
    NaN,
    NaN,
    NaN,
    NaN,
    NaN,
    NaN,
    NaN,
    NaN,
    NaN,
    NaN,
    NaN,
    NaN,
    NaN,
    NaN,
    NaN,
    NaN,
    NaN,
    0.5,
    NaN,
    NaN,
    NaN,
    NaN,
    NaN,
    NaN,
    NaN,
    NaN,
    NaN,
    0.9496240165471381,
    NaN,
    NaN,
    NaN,
    NaN,
    NaN,
    NaN,
    NaN,
    NaN,
    NaN,
    NaN,
    NaN,
    NaN,
    NaN,
    NaN,
    NaN,
    NaN,
    NaN,
    0.9921875,
    NaN,
    NaN,
    NaN,
    NaN,
    0.9584899408774165,
    NaN,
    NaN,
    NaN,
    NaN,
    NaN,
    0.9995,
    NaN,
    NaN,
    NaN,
    NaN,
    NaN,
    NaN,
    NaN,
    NaN,
    0.9976851851851852,
    NaN,
    NaN,
    NaN,
    NaN,
    NaN,
    NaN,
    NaN,
    0.9990234375,
    NaN,
    NaN
  ],
  "precision": [
    1.0,
    0.25,
    1.0,
    0.0,
    0.5208333333333334,
    0.2608695652173913,
    1.0,
    0.5757575757575758,
    0.3333333333333333,
    0.21875,
    0.8181818181818182,
    0.3548387096774194,
    0.8421052631578947,
    0.6923076923076923,
    0.4857142857142857,
    0.35714285714285715,
    0.6666666666666666,
    0.0,
    0.7567567567567568,
    0.8333333333333334,
    0.4782608695652174,
    0.43333333333333335,
    0.47058823529411764,
    0.7777777777777778,
    0.3684210526315789,
    0.0,
    0.6875,
    0.6857142857142857,
    0.5714285714285714,
    0.041666666666666664,
    1.0,
    0.08333333333333333,
    0.4583333333333333,
    0.8333333333333334,
    0.7352941176470589,
    0.9,
    0.6666666666666666,
    0.43478260869565216,
    0.41935483870967744,
    0.7272727272727273,
    1.0,
    0.2608695652173913,
    0.3142857142857143,
    0.5,
    0.75,
    0.9615384615384616,
    0.4090909090909091,
    0.8571428571428571,
    0.25,
    0.14285714285714285,
    0.34375,
    1.0,
    0.56,
    0.2,
    0.0,
    0.9310344827586207,
    0.5,
    0.6666666666666666,
    1.0,
    0.5,
    0.7142857142857143,
    0.0,
    0.391304347826087,
    1.0,
    0.6052631578947368,
    0.6571428571428571,
    0.6086956521739131,
    0.42857142857142855,
    0.4827586206896552,
    1.0,
    0.2857142857142857,
    0.6842105263157895,
    0.4166666666666667,
    0.4444444444444444,
    0.8095238095238095,
    0.26666666666666666,
    0.8285714285714286,
    0.5238095238095238,
    1.0,
    0.5555555555555556,
    0.22580645161290322,
    0.5217391304347826,
    0.30357142857142855,
    0.34615384615384615,
    0.75,
    0.0,
    1.0,
    0.72,
    0.15789473684210525
  ],